{
  "stations": [
    {"apiName": "12th St. Oakland City Center", "displayName": "12th St. Oakland", "code": "12TH", "latitude": 37.803768, "longitude": -122.271450},
    {"apiName": "16th St. Mission", "displayName": "16th St. Mission", "code": "16TH", "latitude": 37.765062, "longitude": -122.419694},
    {"apiName": "19th St. Oakland", "displayName": "19th St. Oakland", "code": "19TH", "latitude": 37.808350, "longitude": -122.268602},
    {"apiName": "24th St. Mission", "displayName": "24th St. Mission", "code": "24TH", "latitude": 37.752470, "longitude": -122.418143},
    {"apiName": "Antioch", "displayName": "Antioch", "code": "ANTC", "latitude": 37.995388, "longitude": -121.780420},
    {"apiName": "Ashby", "displayName": "Ashby", "code": "ASHB", "latitude": 37.852803, "longitude": -122.270062},
    {"apiName": "Balboa Park", "displayName": "Balboa Park", "code": "BALB", "latitude": 37.721585, "longitude": -122.447506},
    {"apiName": "Bay Fair", "displayName": "Bay Fair", "code": "BAYF", "latitude": 37.696924, "longitude": -122.126514},
    {"apiName": "Berryessa/North San Jose", "displayName": "Berryessa", "code": "BERY", "latitude": 37.368473, "longitude": -121.874681},
    {"apiName": "Castro Valley", "displayName": "Castro Valley", "code": "CAST", "latitude": 37.690746, "longitude": -122.075602},
    {"apiName": "Civic Center/UN Plaza", "displayName": "Civic Center", "code": "CIVC", "latitude": 37.779732, "longitude": -122.414123},
    {"apiName": "Coliseum", "displayName": "Coliseum", "code": "COLS", "latitude": 37.753661, "longitude": -122.196869},
    {"apiName": "Colma", "displayName": "Colma", "code": "COLM", "latitude": 37.684638, "longitude": -122.466233},
    {"apiName": "Concord", "displayName": "Concord", "code": "CONC", "latitude": 37.973737, "longitude": -122.029095},
    {"apiName": "Daly City", "displayName": "Daly City", "code": "DALY", "latitude": 37.706121, "longitude": -122.469081},
    {"apiName": "Downtown Berkeley", "displayName": "Downtown Berkeley", "code": "DBRK", "latitude": 37.870104, "longitude": -122.268133},
    {"apiName": "Dublin/Pleasanton", "displayName": "Dublin/Pleasanton", "code": "DUBL", "latitude": 37.701687, "longitude": -121.899179},
    {"apiName": "El Cerrito del Norte", "displayName": "El Cerrito del Norte", "code": "DELN", "latitude": 37.925086, "longitude": -122.316794},
    {"apiName": "El Cerrito Plaza", "displayName": "El Cerrito Plaza", "code": "PLZA", "latitude": 37.902632, "longitude": -122.298904},
    {"apiName": "Embarcadero", "displayName": "Embarcadero", "code": "EMBR", "latitude": 37.792874, "longitude": -122.397020},
    {"apiName": "Fremont", "displayName": "Fremont", "code": "FRMT", "latitude": 37.557465, "longitude": -121.976608},
    {"apiName": "Fruitvale", "displayName": "Fruitvale", "code": "FTVL", "latitude": 37.774836, "longitude": -122.224175},
    {"apiName": "Glen Park", "displayName": "Glen Park", "code": "GLEN", "latitude": 37.733064, "longitude": -122.433817},
    {"apiName": "Hayward", "displayName": "Hayward", "code": "HAYW", "latitude": 37.669723, "longitude": -122.087018},
    {"apiName": "Lafayette", "displayName": "Lafayette", "code": "LAFY", "latitude": 37.893176, "longitude": -122.124630},
    {"apiName": "Lake Merritt", "displayName": "Lake Merritt", "code": "LAKE", "latitude": 37.797027, "longitude": -122.265180},
    {"apiName": "MacArthur", "displayName": "MacArthur", "code": "MCAR", "latitude": 37.829065, "longitude": -122.267040},
    {"apiName": "Millbrae", "displayName": "Millbrae", "code": "MLBR", "latitude": 37.600271, "longitude": -122.386702},
    {"apiName": "Milpitas", "displayName": "Milpitas", "code": "MLPT", "latitude": 37.410277, "longitude": -121.891081},
    {"apiName": "Montgomery St.", "displayName": "Montgomery St.", "code": "MONT", "latitude": 37.789405, "longitude": -122.401066},
    {"apiName": "North Berkeley", "displayName": "North Berkeley", "code": "NBRK", "latitude": 37.873967, "longitude": -122.283440},
    {"apiName": "North Concord/Martinez", "displayName": "North Concord/Martinez", "code": "NCON", "latitude": 38.003193, "longitude": -122.024653},
    {"apiName": "Oakland International Airport", "displayName": "Oakland Airport", "code": "OAKL", "latitude": 37.713238, "longitude": -122.212191},
    {"apiName": "Orinda", "displayName": "Orinda", "code": "ORIN", "latitude": 37.878361, "longitude": -122.183791},
    {"apiName": "Pittsburg/Bay Point", "displayName": "Pittsburg/Bay Point", "code": "PITT", "latitude": 38.018914, "longitude": -121.945154},
    {"apiName": "Pittsburg Center", "displayName": "Pittsburg Center", "code": "PCTR", "latitude": 38.016941, "longitude": -121.889457},
    {"apiName": "Pleasant Hill/Contra Costa Centre", "displayName": "Pleasant Hill", "code": "PHIL", "latitude": 37.928468, "longitude": -122.056012},
    {"apiName": "Powell St.", "displayName": "Powell St.", "code": "POWL", "latitude": 37.784471, "longitude": -122.407974},
    {"apiName": "Richmond", "displayName": "Richmond", "code": "RICH", "latitude": 37.936853, "longitude": -122.353099},
    {"apiName": "Rockridge", "displayName": "Rockridge", "code": "ROCK", "latitude": 37.844702, "longitude": -122.251371},
    {"apiName": "San Bruno", "displayName": "San Bruno", "code": "SBRN", "latitude": 37.637761, "longitude": -122.416287},
    {"apiName": "San Francisco International Airport", "displayName": "SFO Airport", "code": "SFIA", "latitude": 37.615966, "longitude": -122.392409},
    {"apiName": "San Leandro", "displayName": "San Leandro", "code": "SANL", "latitude": 37.721947, "longitude": -122.160844},
    {"apiName": "South Hayward", "displayName": "South Hayward", "code": "SHAY", "latitude": 37.634375, "longitude": -122.057189},
    {"apiName": "South San Francisco", "displayName": "South San Francisco", "code": "SSAN", "latitude": 37.664245, "longitude": -122.443960},
    {"apiName": "Union City", "displayName": "Union City", "code": "UCTY", "latitude": 37.590630, "longitude": -122.017388},
    {"apiName": "Walnut Creek", "displayName": "Walnut Creek", "code": "WCRK", "latitude": 37.905522, "longitude": -122.067527},
    {"apiName": "Warm Springs/South Fremont", "displayName": "Warm Springs", "code": "WARM", "latitude": 37.502171, "longitude": -121.939313},
    {"apiName": "West Dublin/Pleasanton", "displayName": "West Dublin/Pleasanton", "code": "WDUB", "latitude": 37.699756, "longitude": -121.928240},
    {"apiName": "West Oakland", "displayName": "West Oakland", "code": "WOAK", "latitude": 37.804872, "longitude": -122.295140}
  ]
}
